{"name":"c80f5f8d-d9df-49a7-b051-dc20e2a49683","id":"/providers/Microsoft.Flow/flows/c80f5f8d-d9df-49a7-b051-dc20e2a49683","type":"Microsoft.Flow/flows","properties":{"apiId":"/providers/Microsoft.PowerApps/apis/shared_logicflows","displayName":"Twitter Post Automation","definition":{"metadata":{"workflowEntityId":null,"creator":{"id":"b7e01256-d9d4-4916-b626-3ac4337ecf9b","type":"User","tenantId":"989f7afc-210a-4a7a-89a4-9fe50619a887"},"provisioningMethod":"FromDefinition","failureAlertSubscription":true,"clientLastModifiedTime":"2018-10-15T11:45:40.5736129Z"},"$schema":"https://schema.management.azure.com/providers/Microsoft.Logic/schemas/2016-06-01/workflowdefinition.json#","contentVersion":"1.0.0.0","parameters":{"$connections":{"defaultValue":{},"type":"Object"},"$authentication":{"defaultValue":{},"type":"SecureObject"}},"triggers":{"Recurrence":{"recurrence":{"frequency":"Day","interval":1},"type":"Recurrence"}},"actions":{"Get_items":{"runAfter":{},"metadata":{"flowSystemMetadata":{"swaggerOperationId":"GetItems"}},"type":"ApiConnection","inputs":{"host":{"api":{"runtimeUrl":"https://india-001.azure-apim.net/apim/sharepointonline"},"connection":{"name":"@parameters('$connections')['shared_sharepointonline']['connectionId']"}},"method":"get","path":"/datasets/@{encodeURIComponent(encodeURIComponent('https://infowebsp.sharepoint.com/sites/Developer'))}/tables/@{encodeURIComponent(encodeURIComponent('99c82aba-d4f7-45f5-8fd9-1f5041aac52f'))}/items","authentication":"@parameters('$authentication')"}},"Apply_to_each":{"foreach":"@body('Get_items')?['value']","actions":{"Condition":{"actions":{"Post_a_tweet":{"runAfter":{},"metadata":{"flowSystemMetadata":{"swaggerOperationId":"Tweet"}},"type":"ApiConnection","inputs":{"host":{"api":{"runtimeUrl":"https://india-001.azure-apim.net/apim/twitter"},"connection":{"name":"@parameters('$connections')['shared_twitter']['connectionId']"}},"method":"post","path":"/posttweet","queries":{"tweetText":"@items('Apply_to_each')?['Tweet_x0020_Text']"},"authentication":"@parameters('$authentication')"}}},"runAfter":{},"expression":"@equals(items('Apply_to_each')?['Post_x0020_Time'], variables('date today'))","type":"If"}},"runAfter":{"Initialize_variable":["Succeeded"]},"type":"Foreach"},"Initialize_variable":{"runAfter":{"Get_items":["Succeeded"]},"type":"InitializeVariable","inputs":{"variables":[{"name":"date today","type":"String","value":"@{formatDateTime(utcNow(), 'yyyy-MM-dd')}"}]}}},"outputs":{}},"connectionReferences":{"shared_sharepointonline":{"connectionName":"4ce94505d3314a85848d03422fe4d29c","source":"Embedded","id":"/providers/Microsoft.PowerApps/apis/shared_sharepointonline","tier":"NotSpecified"},"shared_twitter":{"connectionName":"shared-twitter-ffc51ba0-f496-41a7-bdd6-f4bdff5f410f","source":"Embedded","id":"/providers/Microsoft.PowerApps/apis/shared_twitter","tier":"NotSpecified"}},"flowFailureAlertSubscribed":false}}